community,num_devs,avg_eigenvector,avg_degree
0,73,0.047733402720544396,0.028120779471348584
1,72,0.038448351710874545,0.025577073552425614
2,59,0.028943785911451067,0.017187873000716097
3,57,0.027467473541345926,0.01396095873486527
4,20,0.029917754837026696,0.020070422535211217
5,2,1.3013539274042582e-16,0.0035211267605633
6,2,1.3013539274042582e-16,0.0035211267605633
